{
  "mc_samples_mv": [
    19.178462,
    14.558462,
    18.758462,
    14.138462,
    18.338462,
    22.538462,
    17.918462,
    22.118462,
    17.498462,
    21.698462,
    17.078462,
    21.278462,
    16.658462,
    20.858462,
    16.238462,
    20.438462,
    15.818462,
    20.018462,
    15.398462,
    19.598462,
    14.978462,
    19.178462,
    14.558462,
    18.758462,
    14.138462,
    18.338462,
    22.538462,
    17.918462,
    22.118462,
    17.498462,
    21.698462,
    17.078462,
    21.278462,
    16.658462,
    20.858462,
    16.238462,
    20.438462,
    15.818462,
    20.018462,
    15.398462,
    19.598462,
    14.978462,
    19.178462,
    14.558462,
    18.758462,
    14.138462,
    18.338462,
    22.538462,
    17.918462,
    22.118462,
    17.498462,
    21.698462,
    17.078462,
    21.278462,
    16.658462,
    20.858462,
    16.238462,
    20.438462,
    15.818462,
    20.018462,
    15.398462,
    19.598462,
    14.978462,
    19.178462,
    14.558462,
    18.758462,
    14.138462,
    18.338462,
    22.538462,
    17.918462,
    22.118462,
    17.498462,
    21.698462,
    17.078462,
    21.278462,
    16.658462,
    20.858462,
    16.238462,
    20.438462,
    15.818462,
    20.018462,
    15.398462,
    19.598462,
    14.978462,
    19.178462,
    14.558462,
    18.758462,
    14.138462,
    18.338462,
    22.538462,
    17.918462,
    22.118462,
    17.498462,
    21.698462,
    17.078462,
    21.278462
  ],
  "netlist_hint": "1T1C public read-path proxy",
  "sample_mean_mv": 18.390962
}
