{
  "mc_samples_mv": [
    74.983077,
    70.363077,
    74.563077,
    69.943077,
    74.143077,
    69.523077,
    73.723077,
    69.103077,
    73.303077,
    68.683077,
    72.883077,
    68.263077,
    72.463077,
    67.843077,
    72.043077,
    67.423077,
    71.623077,
    75.823077,
    71.203077,
    75.403077,
    70.783077,
    74.983077,
    70.363077,
    74.563077,
    69.943077,
    74.143077,
    69.523077,
    73.723077,
    69.103077,
    73.303077,
    68.683077,
    72.883077,
    68.263077,
    72.463077,
    67.843077,
    72.043077,
    67.423077,
    71.623077,
    75.823077,
    71.203077,
    75.403077,
    70.783077,
    74.983077,
    70.363077,
    74.563077,
    69.943077,
    74.143077,
    69.523077,
    73.723077,
    69.103077,
    73.303077,
    68.683077,
    72.883077,
    68.263077,
    72.463077,
    67.843077,
    72.043077,
    67.423077,
    71.623077,
    75.823077,
    71.203077,
    75.403077,
    70.783077,
    74.983077,
    70.363077,
    74.563077,
    69.943077,
    74.143077,
    69.523077,
    73.723077,
    69.103077,
    73.303077,
    68.683077,
    72.883077,
    68.263077,
    72.463077,
    67.843077,
    72.043077,
    67.423077,
    71.623077,
    75.823077,
    71.203077,
    75.403077,
    70.783077,
    74.983077,
    70.363077,
    74.563077,
    69.943077,
    74.143077,
    69.523077,
    73.723077,
    69.103077,
    73.303077,
    68.683077,
    72.883077,
    68.263077
  ],
  "netlist_hint": "1T1C public read-path proxy",
  "sample_mean_mv": 71.623077
}
