{
  "mc_samples_mv": [
    55.253846,
    50.633846,
    54.833846,
    50.213846,
    54.413846,
    49.793846,
    53.993846,
    49.373846,
    53.573846,
    48.953846,
    53.153846,
    57.353846,
    52.733846,
    56.933846,
    52.313846,
    56.513846,
    51.893846,
    56.093846,
    51.473846,
    55.673846,
    51.053846,
    55.253846,
    50.633846,
    54.833846,
    50.213846,
    54.413846,
    49.793846,
    53.993846,
    49.373846,
    53.573846,
    48.953846,
    53.153846,
    57.353846,
    52.733846,
    56.933846,
    52.313846,
    56.513846,
    51.893846,
    56.093846,
    51.473846,
    55.673846,
    51.053846,
    55.253846,
    50.633846,
    54.833846,
    50.213846,
    54.413846,
    49.793846,
    53.993846,
    49.373846,
    53.573846,
    48.953846,
    53.153846,
    57.353846,
    52.733846,
    56.933846,
    52.313846,
    56.513846,
    51.893846,
    56.093846,
    51.473846,
    55.673846,
    51.053846,
    55.253846,
    50.633846,
    54.833846,
    50.213846,
    54.413846,
    49.793846,
    53.993846,
    49.373846,
    53.573846,
    48.953846,
    53.153846,
    57.353846,
    52.733846,
    56.933846,
    52.313846,
    56.513846,
    51.893846,
    56.093846,
    51.473846,
    55.673846,
    51.053846,
    55.253846,
    50.633846,
    54.833846,
    50.213846,
    54.413846,
    49.793846,
    53.993846,
    49.373846,
    53.573846,
    48.953846,
    53.153846,
    57.353846
  ],
  "netlist_hint": "1T1C public read-path proxy",
  "sample_mean_mv": 53.088221
}
