{
  "mc_samples_mv": [
    51.808276,
    47.188276,
    51.388276,
    46.768276,
    50.968276,
    46.348276,
    50.548276,
    45.928276,
    50.128276,
    45.508276,
    49.708276,
    45.088276,
    49.288276,
    44.668276,
    48.868276,
    44.248276,
    48.448276,
    52.648276,
    48.028276,
    52.228276,
    47.608276,
    51.808276,
    47.188276,
    51.388276,
    46.768276,
    50.968276,
    46.348276,
    50.548276,
    45.928276,
    50.128276,
    45.508276,
    49.708276,
    45.088276,
    49.288276,
    44.668276,
    48.868276,
    44.248276,
    48.448276,
    52.648276,
    48.028276,
    52.228276,
    47.608276,
    51.808276,
    47.188276,
    51.388276,
    46.768276,
    50.968276,
    46.348276,
    50.548276,
    45.928276,
    50.128276,
    45.508276,
    49.708276,
    45.088276,
    49.288276,
    44.668276,
    48.868276,
    44.248276,
    48.448276,
    52.648276,
    48.028276,
    52.228276,
    47.608276,
    51.808276,
    47.188276,
    51.388276,
    46.768276,
    50.968276,
    46.348276,
    50.548276,
    45.928276,
    50.128276,
    45.508276,
    49.708276,
    45.088276,
    49.288276,
    44.668276,
    48.868276,
    44.248276,
    48.448276,
    52.648276,
    48.028276,
    52.228276,
    47.608276,
    51.808276,
    47.188276,
    51.388276,
    46.768276,
    50.968276,
    46.348276,
    50.548276,
    45.928276,
    50.128276,
    45.508276,
    49.708276,
    45.088276
  ],
  "netlist_hint": "1T1C public read-path proxy",
  "sample_mean_mv": 48.448276
}
