{
  "mc_samples_mv": [
    44.088276,
    39.468276,
    43.668276,
    39.048276,
    43.248276,
    47.448276,
    42.828276,
    47.028276,
    42.408276,
    46.608276,
    41.988276,
    46.188276,
    41.568276,
    45.768276,
    41.148276,
    45.348276,
    40.728276,
    44.928276,
    40.308276,
    44.508276,
    39.888276,
    44.088276,
    39.468276,
    43.668276,
    39.048276,
    43.248276,
    47.448276,
    42.828276,
    47.028276,
    42.408276,
    46.608276,
    41.988276,
    46.188276,
    41.568276,
    45.768276,
    41.148276,
    45.348276,
    40.728276,
    44.928276,
    40.308276,
    44.508276,
    39.888276,
    44.088276,
    39.468276,
    43.668276,
    39.048276,
    43.248276,
    47.448276,
    42.828276,
    47.028276,
    42.408276,
    46.608276,
    41.988276,
    46.188276,
    41.568276,
    45.768276,
    41.148276,
    45.348276,
    40.728276,
    44.928276,
    40.308276,
    44.508276,
    39.888276,
    44.088276,
    39.468276,
    43.668276,
    39.048276,
    43.248276,
    47.448276,
    42.828276,
    47.028276,
    42.408276,
    46.608276,
    41.988276,
    46.188276,
    41.568276,
    45.768276,
    41.148276,
    45.348276,
    40.728276,
    44.928276,
    40.308276,
    44.508276,
    39.888276,
    44.088276,
    39.468276,
    43.668276,
    39.048276,
    43.248276,
    47.448276,
    42.828276,
    47.028276,
    42.408276,
    46.608276,
    41.988276,
    46.188276
  ],
  "netlist_hint": "1T1C public read-path proxy",
  "sample_mean_mv": 43.300776
}
