{
  "mc_samples_mv": [
    61.238462,
    56.618462,
    60.818462,
    56.198462,
    60.398462,
    55.778462,
    59.978462,
    55.358462,
    59.558462,
    54.938462,
    59.138462,
    63.338462,
    58.718462,
    62.918462,
    58.298462,
    62.498462,
    57.878462,
    62.078462,
    57.458462,
    61.658462,
    57.038462,
    61.238462,
    56.618462,
    60.818462,
    56.198462,
    60.398462,
    55.778462,
    59.978462,
    55.358462,
    59.558462,
    54.938462,
    59.138462,
    63.338462,
    58.718462,
    62.918462,
    58.298462,
    62.498462,
    57.878462,
    62.078462,
    57.458462,
    61.658462,
    57.038462,
    61.238462,
    56.618462,
    60.818462,
    56.198462,
    60.398462,
    55.778462,
    59.978462,
    55.358462,
    59.558462,
    54.938462,
    59.138462,
    63.338462,
    58.718462,
    62.918462,
    58.298462,
    62.498462,
    57.878462,
    62.078462,
    57.458462,
    61.658462,
    57.038462,
    61.238462,
    56.618462,
    60.818462,
    56.198462,
    60.398462,
    55.778462,
    59.978462,
    55.358462,
    59.558462,
    54.938462,
    59.138462,
    63.338462,
    58.718462,
    62.918462,
    58.298462,
    62.498462,
    57.878462,
    62.078462,
    57.458462,
    61.658462,
    57.038462,
    61.238462,
    56.618462,
    60.818462,
    56.198462,
    60.398462,
    55.778462,
    59.978462,
    55.358462,
    59.558462,
    54.938462,
    59.138462,
    63.338462
  ],
  "netlist_hint": "1T1C public read-path proxy",
  "sample_mean_mv": 59.072837
}
