{
  "mc_samples_mv": [
    54.367692,
    49.747692,
    53.947692,
    49.327692,
    53.527692,
    48.907692,
    53.107692,
    48.487692,
    52.687692,
    48.067692,
    52.267692,
    47.647692,
    51.847692,
    47.227692,
    51.427692,
    46.807692,
    51.007692,
    55.207692,
    50.587692,
    54.787692,
    50.167692,
    54.367692,
    49.747692,
    53.947692,
    49.327692,
    53.527692,
    48.907692,
    53.107692,
    48.487692,
    52.687692,
    48.067692,
    52.267692,
    47.647692,
    51.847692,
    47.227692,
    51.427692,
    46.807692,
    51.007692,
    55.207692,
    50.587692,
    54.787692,
    50.167692,
    54.367692,
    49.747692,
    53.947692,
    49.327692,
    53.527692,
    48.907692,
    53.107692,
    48.487692,
    52.687692,
    48.067692,
    52.267692,
    47.647692,
    51.847692,
    47.227692,
    51.427692,
    46.807692,
    51.007692,
    55.207692,
    50.587692,
    54.787692,
    50.167692,
    54.367692,
    49.747692,
    53.947692,
    49.327692,
    53.527692,
    48.907692,
    53.107692,
    48.487692,
    52.687692,
    48.067692,
    52.267692,
    47.647692,
    51.847692,
    47.227692,
    51.427692,
    46.807692,
    51.007692,
    55.207692,
    50.587692,
    54.787692,
    50.167692,
    54.367692,
    49.747692,
    53.947692,
    49.327692,
    53.527692,
    48.907692,
    53.107692,
    48.487692,
    52.687692,
    48.067692,
    52.267692,
    47.647692
  ],
  "netlist_hint": "1T1C public read-path proxy",
  "sample_mean_mv": 51.007692
}
