{
  "mc_samples_mv": [
    34.264615,
    38.464615,
    33.844615,
    38.044615,
    33.424615,
    37.624615,
    33.004615,
    37.204615,
    32.584615,
    36.784615,
    32.164615,
    36.364615,
    31.744615,
    35.944615,
    31.324615,
    35.524615,
    30.904615,
    35.104615,
    30.484615,
    34.684615,
    38.884615,
    34.264615,
    38.464615,
    33.844615,
    38.044615,
    33.424615,
    37.624615,
    33.004615,
    37.204615,
    32.584615,
    36.784615,
    32.164615,
    36.364615,
    31.744615,
    35.944615,
    31.324615,
    35.524615,
    30.904615,
    35.104615,
    30.484615,
    34.684615,
    38.884615,
    34.264615,
    38.464615,
    33.844615,
    38.044615,
    33.424615,
    37.624615,
    33.004615,
    37.204615,
    32.584615,
    36.784615,
    32.164615,
    36.364615,
    31.744615,
    35.944615,
    31.324615,
    35.524615,
    30.904615,
    35.104615,
    30.484615,
    34.684615,
    38.884615,
    34.264615,
    38.464615,
    33.844615,
    38.044615,
    33.424615,
    37.624615,
    33.004615,
    37.204615,
    32.584615,
    36.784615,
    32.164615,
    36.364615,
    31.744615,
    35.944615,
    31.324615,
    35.524615,
    30.904615,
    35.104615,
    30.484615,
    34.684615,
    38.884615,
    34.264615,
    38.464615,
    33.844615,
    38.044615,
    33.424615,
    37.624615,
    33.004615,
    37.204615,
    32.584615,
    36.784615,
    32.164615,
    36.364615
  ],
  "netlist_hint": "1T1C public read-path proxy",
  "sample_mean_mv": 34.763365
}
