{
  "mc_samples_mv": [
    41.648276,
    45.848276,
    50.048276,
    45.428276,
    49.628276,
    45.008276,
    49.208276,
    44.588276,
    48.788276,
    44.168276,
    48.368276,
    43.748276,
    47.948276,
    43.328276,
    47.528276,
    42.908276,
    47.108276,
    42.488276,
    46.688276,
    42.068276,
    46.268276,
    41.648276,
    45.848276,
    50.048276,
    45.428276,
    49.628276,
    45.008276,
    49.208276,
    44.588276,
    48.788276,
    44.168276,
    48.368276,
    43.748276,
    47.948276,
    43.328276,
    47.528276,
    42.908276,
    47.108276,
    42.488276,
    46.688276,
    42.068276,
    46.268276,
    41.648276,
    45.848276,
    50.048276,
    45.428276,
    49.628276,
    45.008276,
    49.208276,
    44.588276,
    48.788276,
    44.168276,
    48.368276,
    43.748276,
    47.948276,
    43.328276,
    47.528276,
    42.908276,
    47.108276,
    42.488276,
    46.688276,
    42.068276,
    46.268276,
    41.648276,
    45.848276,
    50.048276,
    45.428276,
    49.628276,
    45.008276,
    49.208276,
    44.588276,
    48.788276,
    44.168276,
    48.368276,
    43.748276,
    47.948276,
    43.328276,
    47.528276,
    42.908276,
    47.108276,
    42.488276,
    46.688276,
    42.068276,
    46.268276,
    41.648276,
    45.848276,
    50.048276,
    45.428276,
    49.628276,
    45.008276,
    49.208276,
    44.588276,
    48.788276,
    44.168276,
    48.368276,
    43.748276
  ],
  "netlist_hint": "1T1C public read-path proxy",
  "sample_mean_mv": 45.913901
}
