{
  "mc_samples_mv": [
    47.988276,
    43.368276,
    47.568276,
    42.948276,
    47.148276,
    51.348276,
    46.728276,
    50.928276,
    46.308276,
    50.508276,
    45.888276,
    50.088276,
    45.468276,
    49.668276,
    45.048276,
    49.248276,
    44.628276,
    48.828276,
    44.208276,
    48.408276,
    43.788276,
    47.988276,
    43.368276,
    47.568276,
    42.948276,
    47.148276,
    51.348276,
    46.728276,
    50.928276,
    46.308276,
    50.508276,
    45.888276,
    50.088276,
    45.468276,
    49.668276,
    45.048276,
    49.248276,
    44.628276,
    48.828276,
    44.208276,
    48.408276,
    43.788276,
    47.988276,
    43.368276,
    47.568276,
    42.948276,
    47.148276,
    51.348276,
    46.728276,
    50.928276,
    46.308276,
    50.508276,
    45.888276,
    50.088276,
    45.468276,
    49.668276,
    45.048276,
    49.248276,
    44.628276,
    48.828276,
    44.208276,
    48.408276,
    43.788276,
    47.988276,
    43.368276,
    47.568276,
    42.948276,
    47.148276,
    51.348276,
    46.728276,
    50.928276,
    46.308276,
    50.508276,
    45.888276,
    50.088276,
    45.468276,
    49.668276,
    45.048276,
    49.248276,
    44.628276,
    48.828276,
    44.208276,
    48.408276,
    43.788276,
    47.988276,
    43.368276,
    47.568276,
    42.948276,
    47.148276,
    51.348276,
    46.728276,
    50.928276,
    46.308276,
    50.508276,
    45.888276,
    50.088276
  ],
  "netlist_hint": "1T1C public read-path proxy",
  "sample_mean_mv": 47.200776
}
