{
  "mc_samples_mv": [
    24.298462,
    19.678462,
    23.878462,
    19.258462,
    23.458462,
    18.838462,
    23.038462,
    18.418462,
    22.618462,
    17.998462,
    22.198462,
    17.578462,
    21.778462,
    17.158462,
    21.358462,
    16.738462,
    20.938462,
    25.138462,
    20.518462,
    24.718462,
    20.098462,
    24.298462,
    19.678462,
    23.878462,
    19.258462,
    23.458462,
    18.838462,
    23.038462,
    18.418462,
    22.618462,
    17.998462,
    22.198462,
    17.578462,
    21.778462,
    17.158462,
    21.358462,
    16.738462,
    20.938462,
    25.138462,
    20.518462,
    24.718462,
    20.098462,
    24.298462,
    19.678462,
    23.878462,
    19.258462,
    23.458462,
    18.838462,
    23.038462,
    18.418462,
    22.618462,
    17.998462,
    22.198462,
    17.578462,
    21.778462,
    17.158462,
    21.358462,
    16.738462,
    20.938462,
    25.138462,
    20.518462,
    24.718462,
    20.098462,
    24.298462,
    19.678462,
    23.878462,
    19.258462,
    23.458462,
    18.838462,
    23.038462,
    18.418462,
    22.618462,
    17.998462,
    22.198462,
    17.578462,
    21.778462,
    17.158462,
    21.358462,
    16.738462,
    20.938462,
    25.138462,
    20.518462,
    24.718462,
    20.098462,
    24.298462,
    19.678462,
    23.878462,
    19.258462,
    23.458462,
    18.838462,
    23.038462,
    18.418462,
    22.618462,
    17.998462,
    22.198462,
    17.578462
  ],
  "netlist_hint": "1T1C public read-path proxy",
  "sample_mean_mv": 20.938462
}
