{
  "mc_samples_mv": [
    23.078462,
    18.458462,
    22.658462,
    18.038462,
    22.238462,
    26.438462,
    21.818462,
    26.018462,
    21.398462,
    25.598462,
    20.978462,
    25.178462,
    20.558462,
    24.758462,
    20.138462,
    24.338462,
    19.718462,
    23.918462,
    19.298462,
    23.498462,
    18.878462,
    23.078462,
    18.458462,
    22.658462,
    18.038462,
    22.238462,
    26.438462,
    21.818462,
    26.018462,
    21.398462,
    25.598462,
    20.978462,
    25.178462,
    20.558462,
    24.758462,
    20.138462,
    24.338462,
    19.718462,
    23.918462,
    19.298462,
    23.498462,
    18.878462,
    23.078462,
    18.458462,
    22.658462,
    18.038462,
    22.238462,
    26.438462,
    21.818462,
    26.018462,
    21.398462,
    25.598462,
    20.978462,
    25.178462,
    20.558462,
    24.758462,
    20.138462,
    24.338462,
    19.718462,
    23.918462,
    19.298462,
    23.498462,
    18.878462,
    23.078462,
    18.458462,
    22.658462,
    18.038462,
    22.238462,
    26.438462,
    21.818462,
    26.018462,
    21.398462,
    25.598462,
    20.978462,
    25.178462,
    20.558462,
    24.758462,
    20.138462,
    24.338462,
    19.718462,
    23.918462,
    19.298462,
    23.498462,
    18.878462,
    23.078462,
    18.458462,
    22.658462,
    18.038462,
    22.238462,
    26.438462,
    21.818462,
    26.018462,
    21.398462,
    25.598462,
    20.978462,
    25.178462
  ],
  "netlist_hint": "1T1C public read-path proxy",
  "sample_mean_mv": 22.290962
}
