{
  "mc_samples_mv": [
    36.469231,
    40.669231,
    44.869231,
    40.249231,
    44.449231,
    39.829231,
    44.029231,
    39.409231,
    43.609231,
    38.989231,
    43.189231,
    38.569231,
    42.769231,
    38.149231,
    42.349231,
    37.729231,
    41.929231,
    37.309231,
    41.509231,
    36.889231,
    41.089231,
    36.469231,
    40.669231,
    44.869231,
    40.249231,
    44.449231,
    39.829231,
    44.029231,
    39.409231,
    43.609231,
    38.989231,
    43.189231,
    38.569231,
    42.769231,
    38.149231,
    42.349231,
    37.729231,
    41.929231,
    37.309231,
    41.509231,
    36.889231,
    41.089231,
    36.469231,
    40.669231,
    44.869231,
    40.249231,
    44.449231,
    39.829231,
    44.029231,
    39.409231,
    43.609231,
    38.989231,
    43.189231,
    38.569231,
    42.769231,
    38.149231,
    42.349231,
    37.729231,
    41.929231,
    37.309231,
    41.509231,
    36.889231,
    41.089231,
    36.469231,
    40.669231,
    44.869231,
    40.249231,
    44.449231,
    39.829231,
    44.029231,
    39.409231,
    43.609231,
    38.989231,
    43.189231,
    38.569231,
    42.769231,
    38.149231,
    42.349231,
    37.729231,
    41.929231,
    37.309231,
    41.509231,
    36.889231,
    41.089231,
    36.469231,
    40.669231,
    44.869231,
    40.249231,
    44.449231,
    39.829231,
    44.029231,
    39.409231,
    43.609231,
    38.989231,
    43.189231,
    38.569231
  ],
  "netlist_hint": "1T1C public read-path proxy",
  "sample_mean_mv": 40.734856
}
