{
  "mc_samples_mv": [
    26.898462,
    22.278462,
    26.478462,
    21.858462,
    26.058462,
    21.438462,
    25.638462,
    21.018462,
    25.218462,
    20.598462,
    24.798462,
    20.178462,
    24.378462,
    19.758462,
    23.958462,
    19.338462,
    23.538462,
    27.738462,
    23.118462,
    27.318462,
    22.698462,
    26.898462,
    22.278462,
    26.478462,
    21.858462,
    26.058462,
    21.438462,
    25.638462,
    21.018462,
    25.218462,
    20.598462,
    24.798462,
    20.178462,
    24.378462,
    19.758462,
    23.958462,
    19.338462,
    23.538462,
    27.738462,
    23.118462,
    27.318462,
    22.698462,
    26.898462,
    22.278462,
    26.478462,
    21.858462,
    26.058462,
    21.438462,
    25.638462,
    21.018462,
    25.218462,
    20.598462,
    24.798462,
    20.178462,
    24.378462,
    19.758462,
    23.958462,
    19.338462,
    23.538462,
    27.738462,
    23.118462,
    27.318462,
    22.698462,
    26.898462,
    22.278462,
    26.478462,
    21.858462,
    26.058462,
    21.438462,
    25.638462,
    21.018462,
    25.218462,
    20.598462,
    24.798462,
    20.178462,
    24.378462,
    19.758462,
    23.958462,
    19.338462,
    23.538462,
    27.738462,
    23.118462,
    27.318462,
    22.698462,
    26.898462,
    22.278462,
    26.478462,
    21.858462,
    26.058462,
    21.438462,
    25.638462,
    21.018462,
    25.218462,
    20.598462,
    24.798462,
    20.178462
  ],
  "netlist_hint": "1T1C public read-path proxy",
  "sample_mean_mv": 23.538462
}
