{
  "mc_samples_mv": [
    42.868276,
    47.068276,
    42.448276,
    46.648276,
    42.028276,
    46.228276,
    41.608276,
    45.808276,
    41.188276,
    45.388276,
    40.768276,
    44.968276,
    40.348276,
    44.548276,
    48.748276,
    44.128276,
    48.328276,
    43.708276,
    47.908276,
    43.288276,
    47.488276,
    42.868276,
    47.068276,
    42.448276,
    46.648276,
    42.028276,
    46.228276,
    41.608276,
    45.808276,
    41.188276,
    45.388276,
    40.768276,
    44.968276,
    40.348276,
    44.548276,
    48.748276,
    44.128276,
    48.328276,
    43.708276,
    47.908276,
    43.288276,
    47.488276,
    42.868276,
    47.068276,
    42.448276,
    46.648276,
    42.028276,
    46.228276,
    41.608276,
    45.808276,
    41.188276,
    45.388276,
    40.768276,
    44.968276,
    40.348276,
    44.548276,
    48.748276,
    44.128276,
    48.328276,
    43.708276,
    47.908276,
    43.288276,
    47.488276,
    42.868276,
    47.068276,
    42.448276,
    46.648276,
    42.028276,
    46.228276,
    41.608276,
    45.808276,
    41.188276,
    45.388276,
    40.768276,
    44.968276,
    40.348276,
    44.548276,
    48.748276,
    44.128276,
    48.328276,
    43.708276,
    47.908276,
    43.288276,
    47.488276,
    42.868276,
    47.068276,
    42.448276,
    46.648276,
    42.028276,
    46.228276,
    41.608276,
    45.808276,
    41.188276,
    45.388276,
    40.768276,
    44.968276
  ],
  "netlist_hint": "1T1C public read-path proxy",
  "sample_mean_mv": 44.469526
}
