{
  "mc_samples_mv": [
    21.738462,
    17.118462,
    21.318462,
    16.698462,
    20.898462,
    16.278462,
    20.478462,
    15.858462,
    20.058462,
    15.438462,
    19.638462,
    23.838462,
    19.218462,
    23.418462,
    18.798462,
    22.998462,
    18.378462,
    22.578462,
    17.958462,
    22.158462,
    17.538462,
    21.738462,
    17.118462,
    21.318462,
    16.698462,
    20.898462,
    16.278462,
    20.478462,
    15.858462,
    20.058462,
    15.438462,
    19.638462,
    23.838462,
    19.218462,
    23.418462,
    18.798462,
    22.998462,
    18.378462,
    22.578462,
    17.958462,
    22.158462,
    17.538462,
    21.738462,
    17.118462,
    21.318462,
    16.698462,
    20.898462,
    16.278462,
    20.478462,
    15.858462,
    20.058462,
    15.438462,
    19.638462,
    23.838462,
    19.218462,
    23.418462,
    18.798462,
    22.998462,
    18.378462,
    22.578462,
    17.958462,
    22.158462,
    17.538462,
    21.738462,
    17.118462,
    21.318462,
    16.698462,
    20.898462,
    16.278462,
    20.478462,
    15.858462,
    20.058462,
    15.438462,
    19.638462,
    23.838462,
    19.218462,
    23.418462,
    18.798462,
    22.998462,
    18.378462,
    22.578462,
    17.958462,
    22.158462,
    17.538462,
    21.738462,
    17.118462,
    21.318462,
    16.698462,
    20.898462,
    16.278462,
    20.478462,
    15.858462,
    20.058462,
    15.438462,
    19.638462,
    23.838462
  ],
  "netlist_hint": "1T1C public read-path proxy",
  "sample_mean_mv": 19.572837
}
